,circuitId,circuitRef,name,location,country,lat,lng,alt,url
2,3,bahrain,Bahrain International Circuit,Sakhir,Bahrain,26.0325,50.5106,7,http://en.wikipedia.org/wiki/Bahrain_International_Circuit
3,4,catalunya,Circuit de Barcelona-Catalunya,Montmel√≥,Spain,41.57,2.26111,109,http://en.wikipedia.org/wiki/Circuit_de_Barcelona-Catalunya
5,6,monaco,Circuit de Monaco,Monte-Carlo,Monaco,43.7347,7.42056,7,http://en.wikipedia.org/wiki/Circuit_de_Monaco
6,7,villeneuve,Circuit Gilles Villeneuve,Montreal,Canada,45.5,-73.5228,13,http://en.wikipedia.org/wiki/Circuit_Gilles_Villeneuve
8,9,silverstone,Silverstone Circuit,Silverstone,UK,52.0786,-1.01694,153,http://en.wikipedia.org/wiki/Silverstone_Circuit
10,11,hungaroring,Hungaroring,Budapest,Hungary,47.5789,19.2486,264,http://en.wikipedia.org/wiki/Hungaroring
12,13,spa,Circuit de Spa-Francorchamps,Spa,Belgium,50.4372,5.97139,401,http://en.wikipedia.org/wiki/Circuit_de_Spa-Francorchamps
14,15,marina_bay,Marina Bay Street Circuit,Marina Bay,Singapore,1.2914,103.864,18,http://en.wikipedia.org/wiki/Marina_Bay_Street_Circuit
16,17,shanghai,Shanghai International Circuit,Shanghai,China,31.3389,121.22,5,http://en.wikipedia.org/wiki/Shanghai_International_Circuit
20,21,imola,Autodromo Enzo e Dino Ferrari,Imola,Italy,44.3439,11.7167,37,http://en.wikipedia.org/wiki/Autodromo_Enzo_e_Dino_Ferrari
21,22,suzuka,Suzuka Circuit,Suzuka,Japan,34.8431,136.541,45,http://en.wikipedia.org/wiki/Suzuka_Circuit
23,24,yas_marina,Yas Marina Circuit,Abu Dhabi,UAE,24.4672,54.6031,3,http://en.wikipedia.org/wiki/Yas_Marina_Circuit
43,44,las_vegas,Las Vegas Street Circuit,Nevada,USA,36.1162,-115.174,639,http://en.wikipedia.org/wiki/Las_Vegas_Street_Circuit
68,69,americas,Circuit of the Americas,Austin,USA,30.1328,-97.6411,161,http://en.wikipedia.org/wiki/Circuit_of_the_Americas
69,70,red_bull_ring,Red Bull Ring,Spielberg,Austria,47.2197,14.7647,678,http://en.wikipedia.org/wiki/Red_Bull_Ring
71,73,baku,Baku City Circuit,Baku,Azerbaijan,40.3725,49.8533,-7,http://en.wikipedia.org/wiki/Baku_City_Circuit
74,77,jeddah,Jeddah Corniche Circuit,Jeddah,Saudi Arabia,21.6319,39.1044,15,http://en.wikipedia.org/wiki/Jeddah_Street_Circuit
76,79,miami,Miami International Autodrome,Miami,USA,25.9581,-80.2389,0,http://en.wikipedia.org/wiki/Miami_International_Autodrome
